Organization,Followed On
Sony Research India,Sat Jun 29 03:28:33 UTC 2024
CodersBrain,Wed Jun 05 15:01:44 UTC 2024
Snapmint,Thu Apr 18 12:52:22 UTC 2024
Insightful Metricsâ„¢,Thu Apr 18 12:50:42 UTC 2024
TekJobs,Thu Apr 18 12:48:54 UTC 2024
CivicCraft Technologies,Thu Apr 18 12:47:42 UTC 2024
Communi,Sun Apr 14 14:50:55 UTC 2024
avua,Sun Apr 14 14:47:47 UTC 2024
Altus Mindstream Innovation Pvt Ltd,Sun Apr 14 14:30:49 UTC 2024
Afame Technologies,Sun Apr 14 14:26:57 UTC 2024
Synthanalytix,Sun Apr 14 13:51:04 UTC 2024
Cloud Counselage Pvt. Ltd.,Sat Apr 13 14:57:43 UTC 2024
Data Validation,Sun Apr 07 10:37:55 UTC 2024
Movate,Sun Apr 07 10:18:29 UTC 2024
Problem Solving,Sun Apr 07 10:15:18 UTC 2024
Data Visualization,Sun Apr 07 10:15:10 UTC 2024
Data Modeling,Sun Apr 07 10:15:04 UTC 2024
Data Analytics,Sun Apr 07 10:14:57 UTC 2024
Software Development Life Cycle (SDLC),Thu Apr 04 12:12:12 UTC 2024
IBM,Wed Apr 03 08:05:29 UTC 2024
Rekise Marine,Fri Mar 29 17:34:17 UTC 2024
UnBoxing Community,Tue Mar 19 15:45:52 UTC 2024
Web Applications,Sun Mar 10 18:40:37 UTC 2024
Responsive Web Design,Sun Mar 10 18:40:29 UTC 2024
HTML5,Sun Mar 10 18:40:21 UTC 2024
Front-end Design,Sun Mar 10 18:40:11 UTC 2024
DevTown,Tue Feb 20 11:18:50 UTC 2024
Freshers Jobs,Mon Aug 14 17:27:43 UTC 2023
LinkedIn News India,Mon Aug 14 17:27:16 UTC 2023
"Kalinga Institute of Industrial Technology, Bhubaneswar",Mon Aug 14 17:24:28 UTC 2023